<?xml version="1.0" encoding="UTF-8"?>
<rss version="2.0" xmlns:ror="http://rorweb.com/0.1/" >
<channel>
  <title>ROR Sitemap for https://navkarfittings.000webhostapp.com/</title>
  <link>https://navkarfittings.000webhostapp.com/</link>

<item>
     <link>https://navkarfittings.000webhostapp.com/</link>
     <title>Navkar Fittings</title>
     <description>Navkar Fittings</description>
     <ror:updatePeriod></ror:updatePeriod>
     <ror:sortOrder>0</ror:sortOrder>
     <ror:resourceOf>sitemap</ror:resourceOf>
</item>
<item>
     <link>https://navkarfittings.000webhostapp.com/index.php</link>
     <title>Navkar Fittings</title>
     <description>Navkar Fittings</description>
     <ror:updatePeriod></ror:updatePeriod>
     <ror:sortOrder>1</ror:sortOrder>
     <ror:resourceOf>sitemap</ror:resourceOf>
</item>
<item>
     <link>https://navkarfittings.000webhostapp.com/aboutus.php</link>
     <title>Navkar Fittings</title>
     <description>Navkar Fittings</description>
     <ror:updatePeriod></ror:updatePeriod>
     <ror:sortOrder>1</ror:sortOrder>
     <ror:resourceOf>sitemap</ror:resourceOf>
</item>
<item>
     <link>https://navkarfittings.000webhostapp.com/products.php</link>
     <title>Navkar Fittings</title>
     <description>Navkar Fittings</description>
     <ror:updatePeriod></ror:updatePeriod>
     <ror:sortOrder>1</ror:sortOrder>
     <ror:resourceOf>sitemap</ror:resourceOf>
</item>
<item>
     <link>https://navkarfittings.000webhostapp.com/requests.php</link>
     <title>Navkar Fittings</title>
     <description>Navkar Fittings</description>
     <ror:updatePeriod></ror:updatePeriod>
     <ror:sortOrder>1</ror:sortOrder>
     <ror:resourceOf>sitemap</ror:resourceOf>
</item>
<item>
     <link>https://navkarfittings.000webhostapp.com/contactus.php</link>
     <title>Navkar Fittings</title>
     <description>Navkar Fittings</description>
     <ror:updatePeriod></ror:updatePeriod>
     <ror:sortOrder>1</ror:sortOrder>
     <ror:resourceOf>sitemap</ror:resourceOf>
</item>
<item>
     <link>https://navkarfittings.000webhostapp.com/login.php</link>
     <title>Navkar Fittings</title>
     <description>Navkar Fittings</description>
     <ror:updatePeriod></ror:updatePeriod>
     <ror:sortOrder>1</ror:sortOrder>
     <ror:resourceOf>sitemap</ror:resourceOf>
</item>
<item>
     <link>https://navkarfittings.000webhostapp.com/product.php?pid=2</link>
     <title>Navkar Fittings</title>
     <description>Navkar Fittings</description>
     <ror:updatePeriod></ror:updatePeriod>
     <ror:sortOrder>2</ror:sortOrder>
     <ror:resourceOf>sitemap</ror:resourceOf>
</item>
<item>
     <link>https://navkarfittings.000webhostapp.com/product.php?pid=3</link>
     <title>Navkar Fittings</title>
     <description>Navkar Fittings</description>
     <ror:updatePeriod></ror:updatePeriod>
     <ror:sortOrder>2</ror:sortOrder>
     <ror:resourceOf>sitemap</ror:resourceOf>
</item>
<item>
     <link>https://navkarfittings.000webhostapp.com/product.php?pid=4</link>
     <title>Navkar Fittings</title>
     <description>Navkar Fittings</description>
     <ror:updatePeriod></ror:updatePeriod>
     <ror:sortOrder>2</ror:sortOrder>
     <ror:resourceOf>sitemap</ror:resourceOf>
</item>
<item>
     <link>https://navkarfittings.000webhostapp.com/product.php?pid=5</link>
     <title>Navkar Fittings</title>
     <description>Navkar Fittings</description>
     <ror:updatePeriod></ror:updatePeriod>
     <ror:sortOrder>2</ror:sortOrder>
     <ror:resourceOf>sitemap</ror:resourceOf>
</item>
<item>
     <link>https://navkarfittings.000webhostapp.com/product.php?pid=6</link>
     <title>Navkar Fittings</title>
     <description>Navkar Fittings</description>
     <ror:updatePeriod></ror:updatePeriod>
     <ror:sortOrder>2</ror:sortOrder>
     <ror:resourceOf>sitemap</ror:resourceOf>
</item>
<item>
     <link>https://navkarfittings.000webhostapp.com/register.php</link>
     <title>Navkar Fittings</title>
     <description>Navkar Fittings</description>
     <ror:updatePeriod></ror:updatePeriod>
     <ror:sortOrder>2</ror:sortOrder>
     <ror:resourceOf>sitemap</ror:resourceOf>
</item>
</channel>
</rss>
  